{
  "net.minecraft.entity.item.PaintingEntity": 2.0,
  "net.minecraft.entity.monster.VexEntity": 2.0,
  "net.minecraft.entity.monster.ZoglinEntity": 2.0,
  "net.minecraft.entity.passive.RabbitEntity": 2.0,
  "net.minecraft.entity.passive.DolphinEntity": 2.0,
  "net.minecraft.entity.monster.ZombieEntity": 2.0,
  "net.minecraft.entity.passive.MooshroomEntity": 2.0,
  "net.minecraft.entity.item.ArmorStandEntity": 2.0,
  "com.github.alexthe666.iceandfire.entity.EntityDeathWormEgg": 2.0,
  "net.minecraft.entity.monster.ZombifiedPiglinEntity": 2.0,
  "net.minecraft.entity.passive.ChickenEntity": 2.0,
  "com.github.alexthe666.iceandfire.entity.EntityMyrmexSentinel": 2.0,
  "com.github.alexthe666.iceandfire.entity.EntitySeaSerpentBubbles": 2.0,
  "net.minecraft.entity.monster.MagmaCubeEntity": 2.0,
  "com.github.alexthe666.iceandfire.entity.EntitySiren": 2.0,
  "net.minecraft.entity.passive.PolarBearEntity": 2.0,
  "com.github.alexthe666.iceandfire.entity.EntityTroll": 2.0,
  "net.minecraft.entity.passive.StriderEntity": 2.0,
  "net.minecraft.entity.monster.WitchEntity": 2.0,
  "net.minecraft.entity.monster.VindicatorEntity": 2.0,
  "net.minecraft.entity.merchant.villager.VillagerEntity": 2.0,
  "net.minecraft.entity.monster.PhantomEntity": 2.0,
  "com.github.alexthe666.iceandfire.entity.EntityMyrmexRoyal": 2.0,
  "net.minecraft.entity.monster.EndermiteEntity": 2.0,
  "com.github.alexthe666.iceandfire.entity.EntityCyclopsEye": 2.0,
  "net.minecraft.entity.monster.ZombieVillagerEntity": 2.0,
  "net.minecraft.entity.passive.fish.SalmonEntity": 2.0,
  "net.minecraft.entity.merchant.villager.WanderingTraderEntity": 2.0,
  "net.minecraft.entity.passive.BatEntity": 2.0,
  "net.minecraft.entity.monster.SlimeEntity": 2.0,
  "net.minecraft.entity.monster.SilverfishEntity": 2.0,
  "com.github.alexthe666.iceandfire.entity.EntityCyclops": 2.0,
  "net.minecraft.entity.monster.SpellcastingIllagerEntity": 2.0,
  "com.github.alexthe666.iceandfire.entity.EntityMyrmexQueen": 2.0,
  "net.minecraft.entity.passive.fish.PufferfishEntity": 2.0,
  "net.minecraft.entity.passive.SquidEntity": 2.0,
  "net.minecraft.entity.passive.BeeEntity": 2.0,
  "net.minecraft.entity.passive.PigEntity": 2.0,
  "net.minecraft.entity.passive.ParrotEntity": 2.0,
  "com.github.alexthe666.iceandfire.entity.EntityDragonSkull": 2.0,
  "net.minecraft.entity.item.ExperienceOrbEntity": 2.0,
  "com.github.alexthe666.iceandfire.entity.EntityHippogryphEgg": 2.0,
  "net.minecraft.entity.monster.PillagerEntity": 2.0,
  "net.minecraft.entity.passive.CowEntity": 2.0,
  "net.minecraft.entity.monster.DrownedEntity": 2.0,
  "net.minecraft.entity.passive.PandaEntity": 2.0,
  "net.minecraft.entity.monster.BlazeEntity": 2.0,
  "net.minecraft.entity.monster.EndermanEntity": 2.0,
  "com.github.alexthe666.iceandfire.entity.EntityMyrmexEgg": 2.0,
  "net.minecraft.entity.item.ItemFrameEntity": 2.0,
  "net.minecraft.entity.monster.GuardianEntity": 2.0,
  "com.github.alexthe666.iceandfire.entity.EntityPixie": 2.0,
  "net.minecraft.entity.passive.WolfEntity": 2.0,
  "net.minecraft.entity.passive.TurtleEntity": 2.0,
  "net.minecraft.entity.passive.fish.TropicalFishEntity": 2.0,
  "net.minecraft.entity.passive.CatEntity": 2.0,
  "net.minecraft.entity.monster.EvokerEntity": 2.0,
  "com.github.alexthe666.iceandfire.entity.EntityMultipartPart": 2.0,
  "net.minecraft.entity.item.minecart.HopperMinecartEntity": 2.0,
  "net.minecraft.entity.passive.fish.CodEntity": 2.0,
  "com.github.alexthe666.iceandfire.entity.EntityMyrmexSoldier": 2.0,
  "net.minecraft.entity.monster.IllusionerEntity": 2.0,
  "net.minecraft.entity.monster.ShulkerEntity": 2.0,
  "net.minecraft.entity.monster.HuskEntity": 2.0,
  "net.minecraft.entity.item.minecart.FurnaceMinecartEntity": 2.0,
  "net.minecraft.entity.monster.CreeperEntity": 2.0,
  "net.minecraft.entity.monster.SpiderEntity": 2.0,
  "net.minecraft.entity.monster.WitherSkeletonEntity": 2.0,
  "com.github.alexthe666.iceandfire.entity.EntitySeaSerpent": 2.0,
  "com.github.alexthe666.iceandfire.entity.EntityStymphalianBird": 2.0,
  "net.minecraft.entity.monster.StrayEntity": 2.0,
  "com.github.alexthe666.iceandfire.entity.EntityMyrmexSwarmer": 2.0,
  "net.minecraft.entity.passive.FoxEntity": 2.0,
  "net.minecraft.entity.passive.SheepEntity": 2.0,
  "com.github.alexthe666.iceandfire.entity.EntityDeathWorm": 2.0,
  "com.github.alexthe666.iceandfire.entity.EntityMyrmexWorker": 2.0,
  "net.minecraft.entity.monster.CaveSpiderEntity": 2.0,
  "net.minecraft.entity.monster.GhastEntity": 2.0,
  "net.minecraft.entity.monster.HoglinEntity": 2.0,
  "net.minecraft.entity.item.minecart.SpawnerMinecartEntity": 2.0,
  "net.minecraft.entity.item.minecart.ChestMinecartEntity": 2.0,
  "net.minecraft.entity.monster.SkeletonEntity": 2.0,
  "com.github.alexthe666.iceandfire.entity.EntityHippocampus": 2.0,
  "com.github.alexthe666.iceandfire.entity.EntityGorgon": 2.0,
  "net.minecraft.entity.monster.RavagerEntity": 2.0,
  "com.lycanitesmobs.core.entity.CustomItemEntity": 2.0,
  "com.github.alexthe666.iceandfire.entity.EntityDragonEgg": 2.0,
  "net.minecraft.entity.item.ItemEntity": 2.0,
  "net.minecraft.entity.passive.OcelotEntity": 2.0,
  "net.minecraft.entity.monster.ElderGuardianEntity": 2.0,
  "com.github.alexthe666.iceandfire.entity.EntitySnowVillager": 2.0
}