{
  "variants":
  {
    "":
    [
      {
        "model": "osv:block/minecraft/lapis_ore_shade_0"
      },
      {
        "model": "osv:block/minecraft/lapis_ore_shade_1"
      },
      {
        "model": "osv:block/minecraft/lapis_ore_shade_2"
      },
      {
        "model": "osv:block/minecraft/lapis_ore_shade_3"
      },
      {
        "model": "osv:block/minecraft/lapis_ore_shade_4"
      },
      {
        "model": "osv:block/minecraft/lapis_ore_shade_5"
      },
      {
        "model": "osv:block/minecraft/lapis_ore_shade_6"
      },
      {
        "model": "osv:block/minecraft/lapis_ore_shade_7"
      },
      {
        "model": "osv:block/minecraft/lapis_ore_shade_8"
      },
      {
        "model": "osv:block/minecraft/lapis_ore_shade_9"
      },
      {
        "model": "osv:block/minecraft/lapis_ore_shade_10"
      },
      {
        "model": "osv:block/minecraft/lapis_ore_shade_11"
      },
      {
        "model": "osv:block/minecraft/lapis_ore_shade_12"
      },
      {
        "model": "osv:block/minecraft/lapis_ore_shade_13"
      },
      {
        "model": "osv:block/minecraft/lapis_ore_shade_14"
      },
      {
        "model": "osv:block/minecraft/lapis_ore_shade_15"
      }
    ]
  }
}