{
  "parent": "block/block",
  "elements": [
    {
      "from": [ -0.007999999999999119, -0.007999999999999119, -0.007999999999999119 ],
      "to": [ 16.008, 16.008, 16.008 ],
      "shade": true,
      "faces": {
        "down": {
          "texture": "#overlay",
          "cullface": "down"
        },
        "up": {
          "texture": "#overlay",
          "cullface": "up"
        },
        "north": {
          "texture": "#overlay",
          "cullface": "north"
        },
        "south": {
          "texture": "#overlay",
          "cullface": "south"
        },
        "west": {
          "texture": "#overlay",
          "cullface": "west"
        },
        "east": {
          "texture": "#overlay",
          "cullface": "east"
        }
      }
    }
  ]
}
